mutation,PB_BLAST,BM_BLAST
dnmt3a,63.473684210526315,33.421052631578945
flt3,72.0909090909091,44.68181818181818
flt3_dnmt3a,73.6,48.0
flt3_npm1,73.75,46.166666666666664
flt3_npm1_dnmt3a,76.88235294117646,44.1764705882353
npm1,76.5,53.714285714285715
npm1_dnmt3a,68.9090909090909,31.636363636363637
wt,60.329896907216494,29.061855670103093
